Email,FirstName,LastName
john.doe@abc.com,John,Doe
jane.doe@xyz.com,Jane,Doe
jim.smith@def.com,Jim,Smith
sara.johnson@ghi.com,Sara,Johnson
mike.brown@jkl.com,Mike,Brown
amy.white@mno.com,Amy,White
kevin.black@pqr.com,Kevin,Black
karen.green@stu.com,Karen,Green
chris.taylor@vwx.com,Chris,Taylor
katie.jackson@yzabcorp.com,Katie,Jackson
lisa.smith@gmail.com,Lisa,Smith
matt.johnson@yahoo.com,Matt,Johnson
susan.brown@bing.com,Susan,Brown
joe.white@outlook.com,Joe,White
bill.jones@msn.com,Bill,Jones
linda.thompson@att.net,Linda,Thompson
dave.hall@verizon.net,Dave,Hall
tim.allen@comcast.net,Tim,Allen
mary.davis@sbcglobal.net,Mary,Davis
jason.nelson@charter.net,Jason,Nelson