SubscriberKey,Email,FirstName,LastName,OrderId
9083,james.bond@mi6.com,James,Bond,28745
5367,tony.stark@starkindustries.com,Tony,Stark,43656
2961,ellen.ripley@weyland.com,Ellen,Ripley,43846
8753,indiana.jones@marshall.edu,Indiana,Jones,51654
5619,harry.potter@hogwarts.edu,Harry,Potter,51884
9051,luke.skywalker@jediorder.org,Luke,Skywalker,52342
5638,marty.mcfly@hillvalley.edu,Marty,McFly,52635
5262,dorothy.gale@kansas.us,Dorothy,Gale,52743
9011,han.solo@millenniumfalcon.com,Han,Solo,53897
2887,forrest.gump@alabama.us,Forrest,Gump,53976