Email,FirstName,LastName,RenewalDate
john.doe@example.com,John,Doe,4/20/2023 12:00:00 AM
jane.smith@example.com,Jane,Smith,4/30/2023 12:00:00 AM
michael.jones@example.com,Michael,Jones,5/15/2023 12:00:00 AM
emily.davis@example.com,Emily,Davis,5/28/2023 12:00:00 AM
sarah.wilson@example.com,Sarah,Wilson,6/3/2023 12:00:00 AM
daniel.brown@example.com,Daniel,Brown,6/12/2023 12:00:00 AM
laura.garcia@example.com,Laura,Garcia,6/25/2023 12:00:00 AM
james.miller@example.com,James,Miller,7/10/2023 12:00:00 AM
olivia.harris@example.com,Olivia,Harris,7/20/2023 12:00:00 AM
william.moore@example.com,William,Moore,8/1/2023 12:00:00 AM
elizabeth.taylor@example.com,Elizabeth,Taylor,8/15/2023 12:00:00 AM
david.anderson@example.com,David,Anderson,8/25/2023 12:00:00 AM
sophia.jackson@example.com,Sophia,Jackson,9/2/2023 12:00:00 AM
liam.thomas@example.com,Liam,Thomas,9/8/2023 12:00:00 AM
charlotte.white@example.com,Charlotte,White,9/10/2023 12:00:00 AM
benjamin.martin@example.com,Benjamin,Martin,9/12/2023 12:00:00 AM
amelia.thompson@example.com,Amelia,Thompson,9/14/2023 12:00:00 AM
samuel.gonzalez@example.com,Samuel,Gonzalez,4/16/2023 12:00:00 AM
emma.lopez@example.com,Emma,Lopez,4/25/2023 12:00:00 AM
noah.hernandez@example.com,Noah,Hernandez,5/10/2023 12:00:00 AM